{"intents": [

        {
                "tag": "greeting",
                "patterns": [
                   "Hi",
                   "How are you?",
                   "Is anyone there?",
                   "Hello",
                   "Good day",
                   "What's up",
                   "how are ya",
                   "heyy",
                   "whatsup",
                   "??? ??? ??"
                ],
                "responses": [
                   "Hello!",
                   "Good to see you again!",
                   "Hi there, how can I help?"
                ],
                "context_set": ""
             },
              {
                "tag": "goodbye",
                "patterns": [
                   "cya",
                   "see you",
                   "bye bye",
                   "See you later",
                   "Goodbye",
                   "I am Leaving",
                   "Bye",
                   "Have a Good day",
                   "talk to you later",
                   "ttyl",
                   "i got to go",
                   "gtg"
                ],
                "responses": [
                   "Sad to see you go :(",
                   "Talk to you later",
                   "Goodbye!",
                   "Come back soon"
                ],
                "context_set": ""
             },
              {
                "tag": "creator",
                "patterns": [
                   "what is the name of your developers",
                   "what is the name of your creators",
                   "what is the name of the developers",
                   "what is the name of the creators",
                   "who created you",
                   "your developers",
                   "your creators",
                   "who are your developers",
                   "developers",
                   "you are made by",
                   "you are made by whom",
                   "who created you",
                   "who create you",
                   "creators",
                   "who made you",
                   "who designed you"
                ],
                "responses": [
                   "College students"
                ],
                "context_set": ""
             },
              {
                "tag": "name",
                "patterns": [
                   "name",
                   "your name",
                   "do you have a name",
                   "what are you called",
                   "what is your name",
                   "what should I call you",
                   "whats your name?",
                   "what are you",
                   "who are you",
                   "who is this",
                   "what am i chatting to",
                   "who am i taking to",
                   "what are you"
                ],
                "responses": [
                   "You can call me medibot.",
                   "I'm chatbot for firstaid purposes",
                   "I am a medical chatbot."
                   
                ],
                "context_set": ""
             },


        {"tag": "Cuts",
         "patterns": ["What to do if Cuts?", "How to cure Cuts?", "Which medicine to apply for Cuts?", "what to apply on cuts?", "Cuts"],
         "responses": ["Wash the cut properly to prevent infection and stop the bleeding by applying pressure for 1-2minutes until bleeding stops. Apply Petroleum Jelly to make sure that the wound is moist for quick healing. Finally cover the cut with a sterile bandage. Pain relievers such as acetaminophen can be applied."],
         "context_set": ""
        },

        {"tag": "Abrasions",
         "patterns": ["how do you treat abrasions?", "Do Abrasions cause scars?", "Abrasions", "what to do if abrasions?", "Which medicine to apply for abrasions?", "How to cure abrasions?"],
         "responses": ["Begin with washed hands.Gently clean the area with cool to lukewarm water and mild soap. Remove dirt or other particles from the wound using sterilized tweezers.For a mild scrape that’s not bleeding, leave the wound uncovered.If the wound is bleeding, use a clean cloth or bandage, and apply gentle pressure to the area to stop any bleeding.Cover a wound that bled with a thin layer of topical antibiotic ointment, like Bacitracin, or a sterile moisture barrier ointment, like Aquaphor. Cover it with a clean bandage or gauze. Gently clean the wound and change the ointment and bandage once per day.Watch the area for signs of infection, like pain or redness and swelling. See your doctor if you suspect infection."],
         "context_set": ""
        },

        {"tag": "stings",
         "patterns": ["How do you treat Sting?", "Stings", "What to do if you get a sting?", "Which medicine to apply if sting?"],
         "responses": ["Remove any stingers immediately. Some experts recommend scraping out the stinger with a credit card. Applying ice to the site may provide some mild relief. Apply ice for 20 minutes once every hour as needed. Wrap the ice in a towel or keep a cloth between the ice and skin to keep from freezing the skin. Taking an antihistamine such as diphenhydramine (Benadryl) or a nonsedating one such as loratadine (Claritin) will help with itching and swelling. Take acetaminophen (Tylenol) or ibuprofen (Motrin)for pain relief as needed. Wash the sting site with soap and water. Placing hydrocortisone cream on the sting can help relieve redness, itching, and swelling."],
         "context_set": ""
        },

        {"tag": "Splinter",
         "patterns": ["How to remove Splinters", "How to cure Splinters?", "What to do if I have splinters?", "How do you bring a splinter to the surface?"],
         "responses": ["1. SOAK IT IN EPSOM SALTS. Dissolve a cup of the salts into a warm bath and soak whatever part of the body has the splinter. Failing that, you can also put some of the salts onto a bandage pad and leave it covered for a day; this will eventually help bring the splinter to the surface. 2. VINEGAR OR OIL. Another simple way to draw out that stubborn splinter is to soak the affected area in oil (olive or corn) or white vinegar. Just pour some in a bowl and soak the area for around 20 to 30 minutes,"],
         "context_set": ""
        },

        {"tag": "Sprains",
         "patterns": ["How do you treat a sprain?", "what to do if i get a sprain?", "Which cream to apply if i get a sprain?", "Which medicine to apply if I get a sprain?"],
         "responses": ["Use an ice pack or ice slush bath immediately for 15 to 20 minutes and repeat every two to three hours while you're awake. To help stop swelling, compress the ankle with an elastic bandage until the swelling stops. In most cases, pain relievers — such as ibuprofen (Advil, Motrin IB, others) or naproxen sodium (Aleve, others) or acetaminophen (Tylenol, others) are enough to manage the pain of a sprained ankle."],
         "context_set": ""
        },

        {"tag": "Strains",
         "patterns": ["How do you treat a strain?", "what to do if i get a strain?", "Which cream to apply if i get a strain?", "Which medicine to apply if I get a strain?", "How do you diagnose a strain?", "Is heat or ice better for a pulled muscle?"],
         "responses": ["Rest,Ice,Compression and Elevation can be used to cure strains. Avoid using your muscle for a few days, especially if movement causes an increase in pain and also Apply ice immediately after injuring your muscle. This will minimize swelling. Don’t put ice directly on your skin. Use an ice pack or wrap ice in a towel. To reduce swelling, wrap the affected area with an elastic bandage until swelling comes down."],
         "context_set": ""
        },

        {"tag": "Fever",
         "patterns": ["How do you treat a mild Fever?", "what to do if i get a mild fever?", "Which medicine to take if I get a mild fever?", "fever"],
         "responses": ["To treat a fever at home: 1)Drink plenty of fluids to stay hydrated. 2)Dress in lightweight clothing. 3)Use a light blanket if you feel chilled, until the chills end. 4)Take acetaminophen (Tylenol, others) or ibuprofen (Advil, Motrin IB, others). 5) Get medical help if the fever lasts more than five days in a row."],
         "context_set": ""
        },

        {"tag": "Nasal Congestion",
         "patterns": ["How do you treat nasal Congestion?", "what to do if i get a nasal congestion?", "Which medicine to take if I have a nasal congestion?", "what to do if i have a blocked nose?", "How do you treat a blocked nose?", "How long does nasal congestion last?"],
         "responses": ["When you’re stuffed up, focus on keeping your nasal passages and sinuses moist. To keep your nasal passages moist, you can: 1)Use a humidifier or vaporizer. 2)Drink lots of fluids. This will thin out your mucus, which could help prevent blocked sinuses. 3)Place a warm, wet towel on your face. It may relieve discomfort and open your nasal passages."],
         "context_set": ""
        },

        {"tag": "Cough",
         "patterns": ["How to cure cough?","How do you treat cough?", "what to do if i get a cough?", "Which medicine to take if I get cough?", "How do you get rid of cough?"],
         "responses": ["1) Honey:- Use honey to treat a cough, mix 2 teaspoons (tsp) with warm water or an herbal tea. Drink this mixture once or twice a day. Do not give honey to children under 1 year of age. 2) Ginger:- Brew up a soothing ginger tea by adding 20–40 grams (g) of fresh ginger slices to a cup of hot water. Allow to steep for a few minutes before drinking. Add honey or lemon juice to improve the taste and further soothe a cough. 3) Fluids:- Staying hydrated is vital for those with a cough or cold. Research indicates that drinking liquids at room temperature can alleviate a cough, runny nose, and sneezing."],
         "context_set": ""
        },

        {"tag": "Sore Throat",
         "patterns": ["How do you treat sore throat?", "what to do if i get a sore throat?", "Which medicine to take if I get a sore throat?", "How to cure sore throat?"],
         "responses": ["1) Make sure you get plenty of rest and drink a lot of fluids. 2)Inhale steam,Run hot water in a sink.Drape a towel over you to trap the steam, and have the person lean over the sink with the water running. Tell him to breathe deeply through his mouth and nose for 5 to 10 minutes. Repeat several times a day. 3)Have him sip chicken broth or warm tea with honey. Don’t give honey to a child under 12 months of age."],
         "context_set": ""
        },

        {"tag": "Gastrointestinal problems",
         "patterns": ["How do you treat gas problems?", "what to do if i have Gastrointestinal problems?", "Which medicine to take if I get gas problem?", "How to cure Gas problems?"],
         "responses": ["1) Replenish body fluids 2)Do not take antidiarrheal drugs or laxatives or pain medication, unless specified by a medical professional.3)Taking antacids may help, per recommendation of a healthcare professional. 4)If prone to frequent heartburns, seek medical help. 5)Taking meals that are not spicy regularly, can relieve ulcer pains. 6)Seek medical help, if conditions persist or continue to worsen"],
         "context_set": ""
        },

        {"tag": "Skin problems",
         "patterns": ["How do you treat Skin problems?", "what to do if i get a skin allergy?", "Which medicine to take if I get a skin allergy?", "How to cure skin allergy?"],
         "responses": ["1)Hydrocortisone cream. 2)Ointments like calamine lotion. 3)Antihistamines. 4)Cold compresses. 5)Oatmeal baths. 6)Talk to your doctor about what's best for your specific rash."],
         "context_set": ""
        },

        {"tag": "Abdonominal Pain",
         "patterns": ["How do you treat Abdonominal Pain?", "what to do if i get a Abdonominal Pain?", "Which medicine to take if I get a Abdonominal Pain?", "How to cure Abdonominal Pain?"],
         "responses": ["1)Provide clear fluids to sip, such as water, broth, or fruit juice diluted with water. 2)Serve bland foods, such as saltine crackers, plain bread, dry toast, rice, gelatin, or applesauce. 3)Avoid spicy or greasy foods and caffeinated or carbonated drinks until 48 hours after all symptoms have gone away. "],
         "context_set": ""
        },

        {"tag": "Bruises",
         "patterns": ["How do you treat Bruises?", "what to do if i get a Bruise?", "Which medicine to take if I get a Bruise?", "How to cure Bruises?"],
         "responses": ["1)Ice the bruise with an ice pack wrapped in a towel. 2)Leave it in place for 10 to 20 minutes. 3)Repeat several times a day for a day or two as needed. 4)Compress the bruised area if it is swelling, using an elastic bandage. "],
         "context_set": ""
        },

        {"tag": "Broken Toe",
         "patterns": ["How do you treat a Broken Toe?", "what to do if i get a Broken Toe?", "Which medicine to take if I get a Broken Toe?", "How to cure Broken Toe?"],
         "responses": ["1)To help decrease pain and swelling in a broken toe, elevate the foot, ice the injury, and stay off the foot. 2)Depending on the severity of the fracture, the toe may need to be put back into place (reduced), and some compound toe fractures may require surgery.3) Most broken toes heal without complications in six weeks."],
         "context_set": ""
        },

        {"tag": "Choking",
         "patterns": ["How do you treat Choking?", "what to do if i get a Choke?", "Which medicine to take if I get Choked?", "How to cure Choking?"],
         "responses": ["1)Encourage them to keep coughing to try to clear the blockage. 2)Ask them to try to spit out the object if it's in their mouth. 3)If coughing doesn't work, start back blows and Abdonominal thrusts"],
         "context_set": ""
        },

        {"tag": "Wound",
         "patterns": ["How do you treat a wound?", "what to do if i get a Wound?", "Which medicine to take if I get wounded?", "How to cure a wound?"],
         "responses": ["1)Rinse the cut or wound with water and apply pressure with sterile gauze, a bandage, or a clean cloth. 2)If blood soaks through the bandage, place another bandage on top of the first and keep applying pressure. 3)Raise the injured body part to slow bleeding. 4)When bleeding stops, cover the wound with a new, clean bandage."],
         "context_set": ""
        },

        {"tag": "Diarrhea",
         "patterns": ["How do you treat Diarrhea?", "what to do if i get Diarrhea?", "Which medicine to take if I get Diarrhea?", "How to cure Diarrhea?"],
         "responses": ["1)Hydrating the body is essential for recovering from diarrhea.This causes the body to lose electrolytes such as sodium and chloride. 2)It is highly recommended to avoid dairy products, as they may worsen diarrhea in some people. 3)However, if diarrhea lasts for more than 2 days, seek medical advice to avoid complications."],
         "context_set": ""
        },

        {"tag": "Frost bite",
         "patterns": ["How do you treat a Frost bite?", "what to do if i get a Frost bite?", "Which medicine to take if I get a Frost bite?", "How to cure Frost bite?"],
         "responses": [" 1. Move to a warm area. 2. Remove wet clothing. 3. Gradually rewarm with warm water or compresses. 4. Manage pain with OTC medications. 5. Protect from further cold. 6. Avoid rubbing the affected area. 7. Elevate if possible. 8. Seek medical attention for severe cases. 9. Stay hydrated. 10. Do not thaw if refreezing is possible."],
         "context_set": ""
        },

        {"tag": "Heat Exhaustion",
         "patterns": ["How do you treat Heat Exhaustion?", "what to do if i feel Exhausted due to heat?", "Which medicine to take if I get Exhausted?", "How to cure Heat Exhaustion?"],
         "responses": [" 1. Move to a cool place. 2. Loosen or remove tight clothing. 3. Hydrate with cool water. 4. Apply cool compresses. 5. Fan the person. 6. Elevate the feet. 7. Monitor vital signs. 8. Rest in a cool environment. 9. Take a cool shower if possible. 10. Seek medical help if symptoms persist."],
         "context_set": ""
        },

        {"tag": "Heat Stroke",
         "patterns": ["How do you treat Heat Stroke?", "what to do if i get a Heat Stroke?", "Which medicine to take if I get Stroke?", "How to cure a Heat Stroke?"],
         "responses": ["1. Move to a cool place. 2. Call emergency services. 3. Remove excess clothing. 4. Cool the person with ice packs. 5. Fan the body. 6. Hydrate with cool fluids. 7. Place in a cool shower or bath. 8. Monitor vital signs. 9. Do not give fluids if unconscious. 10. Seek immediate medical attention. "],
         "context_set": ""
        },

        {"tag": "Insect Bites",
         "patterns": ["How do you treat a Insect Bite?", "what to do if a insect bites me?", "Which medicine to take if I get bitten by a insect?", "How to cure insect bite?"],
         "responses": [" 1. Wash the area with soap and water. 2. Apply a cold compress. 3. Avoid scratching. 4. Use over-the-counter anti-itch creams. 5. Take antihistamines for itching. 6. Keep the area clean and dry. 7. Elevate if swelling occurs. 8. Use calamine lotion for relief. 9. Avoid perfumes and scented lotions. 10. Seek medical attention for severe reactions."],
         "context_set": ""
        },

        {"tag": "nose bleed",
         "patterns": ["How do you treat a bleeding nose?", "what to do if i my nose is bleeding?", "Which medicine to take if I get nose bleed?", "How to cure nose bleeding?"],
         "responses": ["1. Sit down and lean forward slightly. 2. Pinch the nostrils together. 3. Breathe through the mouth. 4. Apply ice or a cold pack to the nose. 5. Avoid tilting the head back. 6. Pinch for at least 10 minutes. 7. Check if bleeding has stopped. 8. Avoid blowing the nose. 9. Keep the head elevated. 10. Seek medical help if bleeding persists. "],
         "context_set": ""
        },

        {"tag": "Pulled Muscle",
         "patterns": ["How do you treat a Pulled Muscle?", "what to do if my muscle is pulled?", "Which medicine to take if I got pulled muscle?", "How to cure a pulled muscle?"],
         "responses": [" 1. Rest the affected muscle. 2. Apply ice for the first 24 hours. 3. Use a compression bandage. 4. Elevate the injured area if possible. 5. Take over-the-counter pain relievers. 6. Avoid strenuous activities. 7. Use heat after 48 hours. 8. Perform gentle stretches when pain allows. 9. Stay hydrated. 10. Consult a healthcare professional if pain persists."],
         "context_set": ""
        },

        {"tag": "Rectal bleeding",
         "patterns": ["How do you treat Rectal Bleeding?", "what to do if i get a Rectal Bleeding?", "Which medicine to take if I get Rectal Bleeding?", "How to cure Rectal Bleeding?"],
         "responses": [" 1. Seek immediate medical attention. 2. Do not ignore or delay seeking help. 3. Stay calm and lie down. 4. Do not insert anything into the rectum. 5. Avoid aspirin or NSAIDs. 6. Do not attempt home remedies. 7. Keep a record of symptoms and triggers. 8. Be prepared to discuss medical history. 9. Follow the advice of healthcare professionals. 10. Get a prompt diagnosis and appropriate treatment."],
         "context_set": ""
        },

        {"tag": "Sun Burn",
         "patterns": ["How do you treat Sun Burn?", "what to do if i get a Sun Burn?", "Which medicine to take if I get Sun Burn?", "How to cure a Sun Burn?"],
         "responses": ["1. Cool the affected area with a cold compress. 2. Take a cool bath or shower. 3. Apply aloe vera or moisturizer. 4. Use over-the-counter pain relievers. 5. Stay hydrated by drinking water. 6. Avoid further sun exposure. 7. Wear loose, cool clothing. 8. Apply hydrocortisone cream for itching. 9. Take cool baths with baking soda. 10. Seek medical help for severe sunburn. "],
         "context_set": ""
        },

        {"tag": "Testicle Pain",
         "patterns": ["How do you treat Testicle Pain?", "what to do if i get a Testicle Pain?", "Which medicine to take if I get a Testicle Pain?", "How to cure Testicle Pain?"],
         "responses": [" 1. Rest and avoid strenuous activity. 2. Apply a cold pack to reduce swelling. 3. Support the testicles with tight underwear. 4. Take over-the-counter pain relievers. 5. Avoid activities that worsen the pain. 6. Maintain good hygiene. 7. Perform a self-exam for lumps or changes. 8. Stay hydrated. 9. Seek medical attention if pain persists. 10. Follow medical advice for any underlying conditions."],
         "context_set": ""
        },

        {"tag": "Vertigo",
         "patterns": ["How do you treat a Vertigo?", "what to do if i get a Vertigo?", "Which medicine to take if I get Vertigo?", "How to cure a Vertigo?"],
         "responses": [" 1. Sit or lie down to avoid falls. 2. Focus on a fixed point. 3. Stay hydrated. 4. Avoid sudden head movements. 5. Use over-the-counter motion sickness medication. 6. Apply a cold or warm compress to the neck. 7. Practice deep breathing exercises. 8. Avoid bright lights and loud noises. 9. Get enough rest. 10. Consult a healthcare professional for persistent vertigo."],
         "context_set": ""
        },

        {"tag": "Normal Bleeding",
         "patterns": ["How do you treat bleeding?", "what to do if i get a Bleeding?", "Which medicine to take if I get bleeding?", "How to cure Bleeding?"],
         "responses": ["1. Apply direct pressure on the wound. 2. Elevate the injured area. 3. Use a clean cloth or bandage. 4. Apply a sterile dressing if available. 5. Maintain pressure for at least 10 minutes. 6. Avoid removing the dressing to check. 7. If bleeding persists, apply more pressure. 8. Seek medical help if bleeding doesn't stop. 9. Keep calm and reassure the person. 10. Follow medical advice for wound care. "],
         "context_set": ""
        },

        {"tag": "Eye Injury",
         "patterns": ["How do you treat an eye Injury?", "what to do if i get a eye Injury?", "Which medicine to take if I injured my eye?", "How to cure injured eye?"],
         "responses": [" 1. Wash hands thoroughly. 2. Avoid rubbing the eye. 3. Gently flush with clean water if debris is present. 4. Do not put pressure on the eye. 5. Do not attempt to remove objects embedded in the eye. 6. Cover the eye with a clean, sterile dressing. 7. Avoid using cotton swabs or sharp objects. 8. Seek immediate medical attention. 9. Do not apply pressure to a bleeding eye. 10. Follow medical advice for eye injuries."],
         "context_set": ""
        },

        {"tag": "Chemical Burn",
         "patterns": ["How do you treat a chemical burn?", "what to do if i get a Chemical Burn?", "Which medicine to take if I get burn due to chemicals?", "How to cure Chemical Burn?"],
         "responses": ["1. Remove the person from the source of the chemical. 2. Rinse the affected area with copious amounts of water. 3. Remove contaminated clothing if possible. 4. Continue rinsing for at least 20 minutes. 5. Avoid using creams or ointments. 6. Cover the burn loosely with a sterile dressing. 7. Seek immediate medical attention. 8. If the eyes are affected, flush with water for 15 minutes. 9. Do not apply ice or very cold water. 10. Provide information about the chemical to medical professionals. "],
         "context_set": ""
        },

        {"tag": "Poison",
         "patterns": ["How do you treat a Poison?", "what to do if i get Poison?", "Which medicine to take if I am poisoned?", "How to cure Poisoning?"],
         "responses": ["1. Call emergency services immediately. 2. If the person is conscious, provide information about the substance ingested. 3. Do not induce vomiting unless directed by medical professionals. 4. If the substance is on the skin, remove contaminated clothing and rinse with water. 5. If the substance is in the eyes, flush with water for at least 15 minutes. 6. Stay with the person until help arrives. 7. Do not give anything by mouth if the person is unconscious. 8. Keep the person calm and reassure them. 9. Provide emergency responders with any available information. 10. Seek medical help promptly. "],
         "context_set": ""
        },

        {"tag": "Teeth",
         "patterns": ["How do you treat broken Teeth ?", "what to do if my Teeth got broken?", "Which medicine to take if I get broken teeth?", "cure broken teeth?"],
         "responses": ["1. Rinse your mouth with warm water. 2. Use dental floss to remove any trapped food. 3. If there's swelling, apply a cold compress. 4. Take over-the-counter pain relievers. 5. Avoid hot or cold foods and drinks. 6. Use a saltwater rinse. 7. Apply an over-the-counter oral gel for pain relief. 8. Avoid chewing on the affected side. 9. See a dentist for a thorough examination. 10. Follow dental care recommendations for ongoing health. "],
         "context_set": ""
        },

        {"tag": "seizure",
         "patterns": ["How do you treat a seizure?", "what to do if i get a seizure?", "Which medicine to take if I get seizure?", "How to cure seizure?"],
         "responses": ["1. Stay calm and ensure the person's safety. 2. Place the person on their side to prevent choking. 3. Clear the area of any sharp or dangerous objects. 4. Place a soft object under the person's head. 5. Loosen tight clothing, especially around the neck. 6. Time the duration of the seizure. 7. Do not put anything in the person's mouth. 8. After the seizure, stay with the person and offer reassurance. 9. Check for medical ID or alert bracelet. 10. Seek medical attention if the seizure lasts more than 5 minutes or if another seizure follows immediately. "],
         "context_set": ""
        },

        {"tag": "Head Injury",
         "patterns": ["How do you treat a head Injury?", "what to do if i get a Head Injury?", "Which medicine to take if I get injured in the head?", "How to cure Head Injury?"],
         "responses": [" 1. Ensure the person's safety and yours. 2. Call for emergency medical help. 3. Keep the person still and calm. 4. Do not move the person unless necessary for safety. 5. Control bleeding with a clean cloth or bandage. 6. Do not remove any objects embedded in the head. 7. Apply a cold compress to reduce swelling. 8. Keep the person's head elevated if possible. 9. Monitor for signs of concussion or worsening symptoms. 10. Follow medical advice and seek professional help for any head injury."],
         "context_set": ""
        },

        {"tag": "Fainting",
         "patterns": ["How do you treat Faint?", "what to do if i feel like Fainting?", "Which medicine to take if I get a Faint?", "How to cure Fainting?"],
         "responses": ["1. Lay the person flat on their back. 2. Elevate their legs above heart level if possible. 3. Loosen tight clothing, especially around the neck. 4. Check for breathing and pulse. 5. If not breathing, perform CPR if trained. 6. Stay with the person and keep them calm. 7. If conscious, provide water and fresh air. 8. If the person doesn't regain consciousness within a minute, seek medical help. 9. Once conscious, have them sit up slowly. 10. If there are recurrent fainting episodes, consult a healthcare professional. "],
         "context_set": ""
        },

        {"tag": "Headache",
         "patterns": ["How do you treat a mild Headache?", "what to do if i get a mild Headache?", "Which medicine to take if I have a mild headache?", "How to cure a mild headache?"],
         "responses": ["Give ibuprofen (Advil, Motrin), aspirin, or acetaminophen (Tylenol) for pain. Avoid ibuprofen and other NSAIDs if the person has heart failure or kidney failure. Do not give aspirin to a child under age 18."],
         "context_set": ""
        },

	{"tag": "Cold",
         "patterns": ["How do you treat a Cold?", "what to do if i get a mild Cold?", "Which medicine to take if I have a Cold?", "How to cure Cold?"],
         "responses": ["1)Keeping hydrated is absolutely vital to help 'flush' out the cold, as well as to break down congestion and keep your throat lubricated. 2)Vitamin C is extremely helpful when fighting infection, so at the first sign of a cold be sure to increase your intake by eating plenty of berries, citrus fruits, papayas, broccoli and red peppers which will help keep you protected. 3)When it comes to combating a cold,Vitamin D is essential in helping to regulate immune response."],
         "context_set": ""
        },
	
	{"tag": "Rash",
         "patterns": ["How do you treat Rashes?", "what to do if i get a Rash?", "Which medicine to take if I have a Rash?", "How to cure Rash?"],
         "responses": ["1)Olive oil helps in healing and promotes skin renewal given it is packed with vitamin E and antioxidants. It also soothes the skin and reduces itching. 2)Baking soda is useful in drying skin rashes as also in relieving itching and inflammation. 3)Aloe Vera,Thanks to its antibacterial, antifungal, anti-inflammatory and emollient properties, aloe vera is excellent for treating a number of skin ailments including rashes as also soothing the skin."],
         "context_set": ""
        },
	
	{"tag": "snake bite",
         "patterns": ["How do you treat a snake bite?", "what to do if i get a snake bite?", "Which medicine to take if I get a snake bite?", "How to cure snake bite?", "i got bit by a snake"],
         "responses": ["While waiting for medical help: 1)Move the person beyond striking distance of the snake. 2)Have the person lie down with wound below the heart. 3)Keep the person calm and at rest, remaining as still as possible to keep venom from spreading. 4)Cover the wound with loose, sterile bandage. 5)Remove any jewelry from the area that was bitten. 6)Remove shoes if the leg or foot was bitten."],
         "context_set": ""
        },

	{"tag": "animal bite",
         "patterns": ["How do you treat a animal bite?", "How do you treat a monkey bite?","How do you treat a dog bite?", "what to do if i get a animal bite?", "Which medicine to take if I get a monekey bite?", "How to cure dog bite?", "i got bit by a dog"],
         "responses": ["1)Wash the wound with soap and warm water. 2)Gently press a clean cloth over the wound to stop the flow of blood. 3)Apply an antibacterial ointment to the wound. 4)Cover with a sterile bandage. 5)Watch for signs of infection. 6)Seek help if you suspect infection or possible exposure to rabies, or if the wound is severe."],
         "context_set": ""
        },

	{"tag": "Drowning",
         "patterns": ["What to do if someone is Drowning?", "what to do if someone drowned?", "What steps to take if i see a drowning person?", "How to help a drowning person?"],
         "responses": ["1)Place your ear next to the person's mouth and nose. Do you feel air on your cheek? 2)Look to see if the person's chest is moving.If the Person is Not Breathing, Check Pulse. 3)Check the person's pulse for 10 seconds.If There is No Pulse, Start CPR."],
         "context_set": ""
        },

    {"tag": "CPR",
         "patterns": ["How to give CPR??", "what to do in a CPR?", "What steps to take in a CPR??", "How to help a drowning person in CPR?"],
         "responses": ["1)For an adult or child, place the heel of one hand on the center of the chest at the nipple line. You can also push with one hand on top of the other. For an infant, place two fingers on the breastbone. 2)For an adult or child, press down at least 2 inches. Make sure not to press on ribs. For an infant, press down about 1 and 1/2 inches. Make sure not to press on the end of the breastbone. 3)Do chest compressions only, at the rate of 100-120 per minute or more. Let the chest rise completely between pushes. 4)Check to see if the person has started breathing."],
         "context_set": ""
        },

	{"tag": "Fracture",
         "patterns": ["How do you treat a Fracture?", "what to do if i get a Fracture?", "Which medicine to take if I have a Fracture?", "How to cure a Fracture?"],
         "responses": ["1)Stop any bleeding. Apply pressure to the wound with a sterile bandage, a clean cloth or a clean piece of clothing. 2)Immobilize the injured area. Don't try to realign the bone or push a bone that's sticking out back in. If you've been trained in how to splint and professional help isn't readily available, apply a splint to the area above and below the fracture sites. Padding the splints can help reduce discomfort. 3)Apply ice packs to limit swelling and help relieve pain. Don't apply ice directly to the skin. Wrap the ice in a towel, piece of cloth or some other material. 4)Treat for shock. If the person feels faint or is breathing in short, rapid breaths, lay the person down with the head slightly lower than the trunk and, if possible, elevate the legs."],
         "context_set": ""
        }
   ]
}
